,AutoKaggle,AIDE,DataInterpreter,AIScientist,SWEAgent
AutoKaggle,1.0,0.6193480491638184,0.5744291543960571,0.6528159379959106,0.7247397899627686
AIDE,0.6193480491638184,1.0,0.0,0.7582559585571289,0.6062389016151428
DataInterpreter,0.5744291543960571,0.0,1.0,0.5609322786331177,0.602505087852478
AIScientist,0.6528159379959106,0.7582559585571289,0.5609322786331177,1.0,0.6414030194282532
SWEAgent,0.7247397899627686,0.6062389016151428,0.602505087852478,0.6414030194282532,1.0
